{
  "lang":"en",
  "name":"pipeline",
  "version":"0.0.0",
  "spacy_version":">=3.7.2,<3.8.0",
  "description":"",
  "author":"",
  "email":"",
  "url":"",
  "license":"",
  "spacy_git_version":"a89eae928",
  "vectors":{
    "width":0,
    "vectors":0,
    "keys":0,
    "name":null,
    "mode":"default"
  },
  "labels":{
    "tok2vec":[

    ],
    "ner":[
      "B-DES",
      "B-EMAIL",
      "B-NAME",
      "B-ORG",
      "B-PHONE",
      "B-WEB",
      "DES",
      "EMAIL",
      "I-DE",
      "I-DES",
      "I-EMAIL",
      "I-NAME",
      "I-OR",
      "I-ORG",
      "I-PHONE",
      "I-WEB",
      "NAME",
      "ORG",
      "PHONE",
      "WEB"
    ]
  },
  "pipeline":[
    "tok2vec",
    "ner"
  ],
  "components":[
    "tok2vec",
    "ner"
  ],
  "disabled":[

  ],
  "performance":{
    "ents_f":0.6257197697,
    "ents_p":0.7375565611,
    "ents_r":0.5433333333,
    "ents_per_type":{
      "B-NAME":{
        "p":0.8235294118,
        "r":0.8235294118,
        "f":0.8235294118
      },
      "I-NAME":{
        "p":1.0,
        "r":0.8214285714,
        "f":0.9019607843
      },
      "I-DES":{
        "p":0.5882352941,
        "r":0.3703703704,
        "f":0.4545454545
      },
      "I-ORG":{
        "p":0.6875,
        "r":0.5409836066,
        "f":0.6055045872
      },
      "I-PHONE":{
        "p":0.75,
        "r":0.4117647059,
        "f":0.5316455696
      },
      "B-EMAIL":{
        "p":0.8,
        "r":0.8888888889,
        "f":0.8421052632
      },
      "B-PHONE":{
        "p":0.6896551724,
        "r":0.5,
        "f":0.5797101449
      },
      "B-ORG":{
        "p":0.625,
        "r":0.3571428571,
        "f":0.4545454545
      },
      "B-DES":{
        "p":0.6,
        "r":0.375,
        "f":0.4615384615
      },
      "I-EMAIL":{
        "p":0.5,
        "r":0.4,
        "f":0.4444444444
      },
      "B-WEB":{
        "p":0.8888888889,
        "r":1.0,
        "f":0.9411764706
      },
      "B-PHOE":{
        "p":0.0,
        "r":0.0,
        "f":0.0
      }
    },
    "tok2vec_loss":650.2445836419,
    "ner_loss":241.1819562941
  }
}