{
  "lang":"en",
  "name":"pipeline",
  "version":"0.0.0",
  "spacy_version":">=3.7.2,<3.8.0",
  "description":"",
  "author":"",
  "email":"",
  "url":"",
  "license":"",
  "spacy_git_version":"a89eae928",
  "vectors":{
    "width":0,
    "vectors":0,
    "keys":0,
    "name":null,
    "mode":"default"
  },
  "labels":{
    "tok2vec":[

    ],
    "ner":[
      "B-DES",
      "B-EMAIL",
      "B-NAME",
      "B-ORG",
      "B-PHONE",
      "B-WEB",
      "DES",
      "EMAIL",
      "I-DE",
      "I-DES",
      "I-EMAIL",
      "I-NAME",
      "I-OR",
      "I-ORG",
      "I-PHONE",
      "I-WEB",
      "NAME",
      "ORG",
      "PHONE",
      "WEB"
    ]
  },
  "pipeline":[
    "tok2vec",
    "ner"
  ],
  "components":[
    "tok2vec",
    "ner"
  ],
  "disabled":[

  ],
  "performance":{
    "ents_f":0.6323809524,
    "ents_p":0.7377777778,
    "ents_r":0.5533333333,
    "ents_per_type":{
      "B-NAME":{
        "p":0.7368421053,
        "r":0.8235294118,
        "f":0.7777777778
      },
      "I-NAME":{
        "p":0.8333333333,
        "r":0.7142857143,
        "f":0.7692307692
      },
      "I-DES":{
        "p":0.6842105263,
        "r":0.4814814815,
        "f":0.5652173913
      },
      "I-ORG":{
        "p":0.7435897436,
        "r":0.4754098361,
        "f":0.58
      },
      "B-PHONE":{
        "p":0.6896551724,
        "r":0.5,
        "f":0.5797101449
      },
      "I-PHONE":{
        "p":0.7647058824,
        "r":0.5098039216,
        "f":0.6117647059
      },
      "B-EMAIL":{
        "p":0.8947368421,
        "r":0.9444444444,
        "f":0.9189189189
      },
      "B-ORG":{
        "p":0.6923076923,
        "r":0.3214285714,
        "f":0.4390243902
      },
      "B-DES":{
        "p":0.5294117647,
        "r":0.5625,
        "f":0.5454545455
      },
      "I-EMAIL":{
        "p":0.4,
        "r":0.4,
        "f":0.4
      },
      "B-WEB":{
        "p":1.0,
        "r":0.875,
        "f":0.9333333333
      },
      "B-PHOE":{
        "p":0.0,
        "r":0.0,
        "f":0.0
      }
    },
    "tok2vec_loss":593.4757600252,
    "ner_loss":351.8751983223
  }
}